-- =========================
-- 1. 章节（question_bank）
-- =========================
INSERT INTO shuati.question_bank (id, title, description, picture, userId, editTime, createTime, updateTime, isDelete) VALUES
(2001, '第一章：数据库基础概念', '数据库、DBMS、数据模型与数据库系统基础。', '/images/bank/1.png', 1, NOW(), NOW(), NOW(), 0),
(2002, '第二章：关系模型与关系代数', '关系模型基本概念与关系代数运算。', '/images/bank/2.png', 1, NOW(), NOW(), NOW(), 0),
(2003, '第三章：SQL语言基础', 'SQL 查询、连接、分组、子查询与常见语法。', '/images/bank/3.png', 1, NOW(), NOW(), NOW(), 0),
(2004, '第四章：数据库设计与范式', 'ER 图、主键外键、约束、范式与设计过程。', '/images/bank/4.png', 1, NOW(), NOW(), NOW(), 0),
(2005, '第五章：事务与并发控制', '事务、ACID、隔离级别、锁与死锁。', '/images/bank/5.png', 1, NOW(), NOW(), NOW(), 0),
(2006, '第六章：索引与查询优化', '索引结构、回表、覆盖索引、执行计划与优化。', '/images/bank/6.png', 1, NOW(), NOW(), NOW(), 0),
(2007, '第七章：数据库安全与恢复', '权限控制、SQL 注入、备份、恢复与加密。', '/images/bank/7.png', 1, NOW(), NOW(), NOW(), 0),
(2008, '第八章：数据库体系结构与扩展', '主从复制、读写分离、分库分表与分布式数据库。', '/images/bank/8.png', 1, NOW(), NOW(), NOW(), 0);

-- =========================
-- 2. 题目（question）
-- 每章 10 题，共 80 题
-- =========================
SET NAMES utf8mb4;
USE shuati;

INSERT INTO question
(id, title, content, tags, answer, userId, editTime, createTime, updateTime, isDelete)
VALUES
    (3001, '什么是数据库？', '请解释数据库的基本概念。', '["数据库基础"]', '数据库是按照一定结构组织、存储和管理数据的集合。', 1, NOW(), NOW(), NOW(), 0),
    (3002, '什么是数据库管理系统？', '请说明数据库管理系统的作用。', '["数据库基础"]', '数据库管理系统是用于建立、管理和维护数据库的软件系统。', 1, NOW(), NOW(), NOW(), 0),
    (3003, '数据库系统由哪些部分组成？', '请列举数据库系统的组成。', '["数据库基础"]', '数据库系统通常由数据库、DBMS、应用程序、管理员和用户组成。', 1, NOW(), NOW(), NOW(), 0),
    (3004, '什么是数据模型？', '请解释数据模型的含义。', '["数据库基础"]', '数据模型是对现实世界数据及其关系的抽象描述。', 1, NOW(), NOW(), NOW(), 0),
    (3005, '常见的数据模型有哪些？', '请列举常见数据模型。', '["数据库基础"]', '常见模型有层次模型、网状模型、关系模型和面向对象模型。', 1, NOW(), NOW(), NOW(), 0),
    (3006, '关系数据库有什么特点？', '请说明关系数据库的主要特点。', '["数据库基础","关系模型"]', '关系数据库以二维表形式组织数据，强调结构化和关系约束。', 1, NOW(), NOW(), NOW(), 0),
    (3007, '什么是数据库三级模式结构？', '请解释外模式、模式和内模式。', '["数据库基础"]', '三级模式结构包括外模式、模式和内模式，用于实现数据独立性。', 1, NOW(), NOW(), NOW(), 0),
    (3008, '什么是数据独立性？', '请解释逻辑独立性与物理独立性。', '["数据库基础"]', '数据独立性指应用程序与数据存储结构相分离，包括逻辑独立性和物理独立性。', 1, NOW(), NOW(), NOW(), 0),
    (3009, '数据库系统为什么需要DBMS？', '请说明原因。', '["数据库基础"]', 'DBMS 提供统一的数据管理、安全控制、并发控制和恢复机制。', 1, NOW(), NOW(), NOW(), 0),
    (3010, '什么是元数据？', '请解释元数据的含义。', '["数据库基础"]', '元数据是描述数据的数据，如表结构、字段定义和约束信息。', 1, NOW(), NOW(), NOW(), 0),
    (3011, '什么是关系模型？', '请解释关系模型的基本思想。', '["关系模型","关系代数"]', '关系模型以关系即二维表来表示数据及数据之间的联系。', 1, NOW(), NOW(), NOW(), 0),
    (3012, '什么是元组？', '请解释元组的概念。', '["关系模型"]', '元组是关系表中的一行记录。', 1, NOW(), NOW(), NOW(), 0),
    (3013, '什么是属性？', '请解释属性的概念。', '["关系模型"]', '属性是关系表中的一列字段，用于描述实体特征。', 1, NOW(), NOW(), NOW(), 0),
    (3014, '什么是关系代数？', '请解释关系代数。', '["关系代数"]', '关系代数是对关系进行操作的形式化语言。', 1, NOW(), NOW(), NOW(), 0),
    (3015, '什么是选择操作？', '请解释选择操作。', '["关系代数"]', '选择操作用于筛选满足条件的元组。', 1, NOW(), NOW(), NOW(), 0),
    (3016, '什么是投影操作？', '请解释投影操作。', '["关系代数"]', '投影操作用于选取指定属性列。', 1, NOW(), NOW(), NOW(), 0),
    (3017, '什么是笛卡尔积？', '请解释笛卡尔积。', '["关系代数"]', '笛卡尔积是两个关系中所有元组两两组合形成的新关系。', 1, NOW(), NOW(), NOW(), 0),
    (3018, '什么是连接操作？', '请解释连接的含义。', '["关系代数","连接"]', '连接操作按照条件把两个关系中的相关元组合并。', 1, NOW(), NOW(), NOW(), 0),
    (3019, '等值连接和自然连接的区别是什么？', '请说明区别。', '["关系代数","连接"]', '等值连接需要显式条件，自然连接自动按同名属性匹配。', 1, NOW(), NOW(), NOW(), 0),
    (3020, '什么是并、交、差运算？', '请解释这三类集合运算。', '["关系代数"]', '并运算合并结果，交运算求共同部分，差运算求一个关系中独有部分。', 1, NOW(), NOW(), NOW(), 0),
    (3021, '什么是SQL？', '请解释 SQL 的作用。', '["SQL"]', 'SQL 是结构化查询语言，用于定义和操作关系数据库。', 1, NOW(), NOW(), NOW(), 0),
    (3022, 'SELECT 语句的作用是什么？', '请解释 SELECT 的用途。', '["SQL"]', 'SELECT 用于从表中查询数据。', 1, NOW(), NOW(), NOW(), 0),
    (3023, 'WHERE 子句有什么作用？', '请解释 WHERE 的用途。', '["SQL"]', 'WHERE 用于在查询前按条件过滤记录。', 1, NOW(), NOW(), NOW(), 0),
    (3024, 'ORDER BY 有什么作用？', '请解释 ORDER BY。', '["SQL"]', 'ORDER BY 用于对查询结果进行排序。', 1, NOW(), NOW(), NOW(), 0),
    (3025, 'GROUP BY 有什么作用？', '请解释 GROUP BY。', '["SQL","分组聚合"]', 'GROUP BY 用于按指定字段分组，通常配合聚合函数使用。', 1, NOW(), NOW(), NOW(), 0),
    (3026, 'WHERE 和 HAVING 的区别是什么？', '请说明两者区别。', '["SQL","分组聚合"]', 'WHERE 用于分组前过滤，HAVING 用于分组后过滤。', 1, NOW(), NOW(), NOW(), 0),
    (3027, 'INNER JOIN 和 LEFT JOIN 的区别是什么？', '请说明区别。', '["SQL","连接查询"]', 'INNER JOIN 只返回匹配记录，LEFT JOIN 返回左表全部记录。', 1, NOW(), NOW(), NOW(), 0),
    (3028, '什么是子查询？', '请解释子查询的概念。', '["SQL","子查询"]', '子查询是嵌套在另一条 SQL 中的查询。', 1, NOW(), NOW(), NOW(), 0),
    (3029, 'EXISTS 和 IN 的区别是什么？', '请说明两者区别。', '["SQL","子查询"]', '两者都可用于条件判断，EXISTS 更偏向存在性判断，IN 更偏向集合匹配。', 1, NOW(), NOW(), NOW(), 0),
    (3030, '什么是分页查询？', '请说明常见实现方式。', '["SQL"]', '分页查询通常通过 LIMIT 和 OFFSET 实现。', 1, NOW(), NOW(), NOW(), 0),
    (3031, '什么是 ER 图？', '请解释 ER 图的作用。', '["数据库设计","ER图"]', 'ER 图用于描述实体、属性及实体之间联系，是概念设计工具。', 1, NOW(), NOW(), NOW(), 0),
    (3032, '什么是主键？', '请解释主键。', '["数据库设计","主键"]', '主键用于唯一标识表中的一条记录。', 1, NOW(), NOW(), NOW(), 0),
    (3033, '什么是外键？', '请解释外键。', '["数据库设计","外键"]', '外键用于建立表与表之间的引用关系。', 1, NOW(), NOW(), NOW(), 0),
    (3034, '什么是实体完整性？', '请解释实体完整性约束。', '["数据库设计","约束"]', '实体完整性要求主键不能为空且唯一。', 1, NOW(), NOW(), NOW(), 0),
    (3035, '什么是参照完整性？', '请解释参照完整性约束。', '["数据库设计","约束"]', '参照完整性要求外键值要么为空，要么引用主表中已存在的主键值。', 1, NOW(), NOW(), NOW(), 0),
    (3036, '什么是第一范式？', '请解释 1NF。', '["数据库设计","范式"]', '第一范式要求每个字段都是不可再分的原子值。', 1, NOW(), NOW(), NOW(), 0),
    (3037, '什么是第二范式？', '请解释 2NF。', '["数据库设计","范式"]', '第二范式要求在满足 1NF 的基础上消除对主键的部分依赖。', 1, NOW(), NOW(), NOW(), 0),
    (3038, '什么是第三范式？', '请解释 3NF。', '["数据库设计","范式"]', '第三范式要求在满足 2NF 的基础上消除传递依赖。', 1, NOW(), NOW(), NOW(), 0),
    (3039, '什么是反范式设计？', '请解释反范式设计。', '["数据库设计","范式"]', '反范式设计是为了提升查询性能而有意引入一定冗余。', 1, NOW(), NOW(), NOW(), 0),
    (3040, '数据库设计的一般步骤有哪些？', '请列举数据库设计步骤。', '["数据库设计"]', '一般包括需求分析、概念设计、逻辑设计、物理设计和实施维护。', 1, NOW(), NOW(), NOW(), 0),
    (3041, '什么是事务？', '请解释事务的概念。', '["事务"]', '事务是一组要么全部成功、要么全部失败的数据库操作。', 1, NOW(), NOW(), NOW(), 0),
    (3042, '事务的 ACID 特性是什么？', '请解释 ACID。', '["事务","ACID"]', 'ACID 指原子性、一致性、隔离性和持久性。', 1, NOW(), NOW(), NOW(), 0),
    (3043, '什么是脏读？', '请解释脏读。', '["事务","并发控制"]', '脏读是读取到其他事务尚未提交的数据。', 1, NOW(), NOW(), NOW(), 0),
    (3044, '什么是不可重复读？', '请解释不可重复读。', '["事务","并发控制"]', '不可重复读指同一事务中两次读取同一行数据结果不同。', 1, NOW(), NOW(), NOW(), 0),
    (3045, '什么是幻读？', '请解释幻读。', '["事务","并发控制"]', '幻读指同一事务中两次按相同条件查询得到的记录数不同。', 1, NOW(), NOW(), NOW(), 0),
    (3046, '数据库隔离级别有哪些？', '请列举常见隔离级别。', '["事务","隔离级别"]', '常见隔离级别有读未提交、读已提交、可重复读和串行化。', 1, NOW(), NOW(), NOW(), 0),
    (3047, 'MySQL 默认隔离级别是什么？', '请说明 MySQL 默认隔离级别。', '["事务","MySQL"]', 'InnoDB 默认隔离级别是可重复读。', 1, NOW(), NOW(), NOW(), 0),
    (3048, '什么是锁？', '请解释数据库中的锁。', '["事务","锁"]', '锁是数据库用于控制并发访问、保证一致性的机制。', 1, NOW(), NOW(), NOW(), 0),
    (3049, '什么是行锁和表锁？', '请比较行锁与表锁。', '["事务","锁"]', '行锁粒度小并发高，表锁粒度大实现简单但并发低。', 1, NOW(), NOW(), NOW(), 0),
    (3050, '什么是死锁？如何避免？', '请解释死锁并说明避免方式。', '["事务","锁"]', '死锁是事务互相等待资源导致无法继续执行，可通过统一加锁顺序等方式避免。', 1, NOW(), NOW(), NOW(), 0),
    (3051, '什么是索引？', '请解释索引的作用。', '["索引"]', '索引是帮助数据库快速定位数据的数据结构。', 1, NOW(), NOW(), NOW(), 0),
    (3052, '为什么常用 B+ 树实现索引？', '请说明原因。', '["索引","B+树"]', 'B+ 树磁盘访问效率高，支持范围查询，适合数据库索引。', 1, NOW(), NOW(), NOW(), 0),
    (3053, '什么是聚簇索引？', '请解释聚簇索引。', '["索引","聚簇索引"]', '聚簇索引决定数据的物理存储顺序。', 1, NOW(), NOW(), NOW(), 0),
    (3054, '什么是非聚簇索引？', '请解释非聚簇索引。', '["索引","非聚簇索引"]', '非聚簇索引不直接决定数据存储顺序，通常通过指针或主键关联数据行。', 1, NOW(), NOW(), NOW(), 0),
    (3055, '什么是回表查询？', '请解释回表查询。', '["索引","SQL优化"]', '回表是通过二级索引找到主键后再访问聚簇索引读取完整数据。', 1, NOW(), NOW(), NOW(), 0),
    (3056, '什么是覆盖索引？', '请解释覆盖索引。', '["索引","SQL优化"]', '覆盖索引是查询所需字段全部包含在索引中，无需回表。', 1, NOW(), NOW(), NOW(), 0),
    (3057, '什么是最左前缀原则？', '请解释最左前缀原则。', '["索引","联合索引"]', '联合索引使用时应尽量从最左边字段开始匹配。', 1, NOW(), NOW(), NOW(), 0),
    (3058, '索引失效的常见场景有哪些？', '请列举索引失效场景。', '["索引","SQL优化"]', '如对索引列使用函数、隐式类型转换、以 % 开头的 LIKE 等。', 1, NOW(), NOW(), NOW(), 0),
    (3059, '什么是执行计划？', '请解释执行计划。', '["索引","SQL优化"]', '执行计划用于展示数据库执行 SQL 的方式和代价。', 1, NOW(), NOW(), NOW(), 0),
    (3060, '如何理解 SQL 优化？', '请简要说明 SQL 优化思路。', '["索引","SQL优化"]', 'SQL 优化通常从索引设计、查询改写、减少扫描和执行计划分析入手。', 1, NOW(), NOW(), NOW(), 0),
    (3061, '什么是数据库权限控制？', '请解释权限控制。', '["安全","权限控制"]', '数据库权限控制用于限制用户对数据对象的访问与操作。', 1, NOW(), NOW(), NOW(), 0),
    (3062, '为什么数据库需要权限管理？', '请说明原因。', '["安全","权限控制"]', '权限管理用于保护敏感数据，防止越权访问和误操作。', 1, NOW(), NOW(), NOW(), 0),
    (3063, '什么是 SQL 注入？', '请解释 SQL 注入。', '["安全","SQL注入"]', 'SQL 注入是通过恶意输入改变原有 SQL 语义的攻击方式。', 1, NOW(), NOW(), NOW(), 0),
    (3064, '如何防止 SQL 注入？', '请说明防御方法。', '["安全","SQL注入"]', '常见防御方式包括参数化查询、预编译语句和输入校验。', 1, NOW(), NOW(), NOW(), 0),
    (3065, '什么是数据库备份？', '请解释数据库备份。', '["安全","备份恢复"]', '数据库备份是对数据库数据和结构进行复制保存。', 1, NOW(), NOW(), NOW(), 0),
    (3066, '什么是数据库恢复？', '请解释数据库恢复。', '["安全","备份恢复"]', '数据库恢复是故障后利用备份和日志还原数据的过程。', 1, NOW(), NOW(), NOW(), 0),
    (3067, '什么是日志恢复？', '请解释日志恢复。', '["安全","备份恢复"]', '日志恢复是根据事务日志重做或撤销操作，恢复数据库一致性。', 1, NOW(), NOW(), NOW(), 0),
    (3068, '什么是数据加密？', '请解释数据库加密。', '["安全","数据加密"]', '数据加密是通过算法保护敏感数据，避免泄露。', 1, NOW(), NOW(), NOW(), 0),
    (3069, '什么是用户认证？', '请解释数据库用户认证。', '["安全","权限控制"]', '用户认证用于验证访问者身份是否合法。', 1, NOW(), NOW(), NOW(), 0),
    (3070, '什么是审计日志？', '请解释数据库审计日志。', '["安全"]', '审计日志用于记录数据库操作行为，便于追踪和审查。', 1, NOW(), NOW(), NOW(), 0),
    (3071, '什么是主从复制？', '请解释主从复制。', '["架构","主从复制"]', '主从复制是主库将变更同步到从库的机制。', 1, NOW(), NOW(), NOW(), 0),
    (3072, '主从复制有什么作用？', '请说明主从复制的用途。', '["架构","主从复制"]', '主从复制可用于读扩展、容灾备份和高可用建设。', 1, NOW(), NOW(), NOW(), 0),
    (3073, '什么是读写分离？', '请解释读写分离。', '["架构","读写分离"]', '读写分离是把写请求交给主库、读请求交给从库。', 1, NOW(), NOW(), NOW(), 0),
    (3074, '什么是分库分表？', '请解释分库分表。', '["架构","分库分表"]', '分库分表是把数据拆分到多个库或表中，以解决性能和容量问题。', 1, NOW(), NOW(), NOW(), 0),
    (3075, '什么是分布式数据库？', '请解释分布式数据库。', '["架构","分布式数据库"]', '分布式数据库是将数据分布在多个节点上统一提供服务的数据库系统。', 1, NOW(), NOW(), NOW(), 0),
    (3076, '什么是 CAP 理论？', '请解释 CAP 理论。', '["架构","CAP"]', 'CAP 指一致性、可用性和分区容错性三者难以同时完全满足。', 1, NOW(), NOW(), NOW(), 0),
    (3077, '什么是 BASE 理论？', '请解释 BASE 理论。', '["架构","BASE"]', 'BASE 指基本可用、软状态和最终一致，是分布式系统中对一致性的折中。', 1, NOW(), NOW(), NOW(), 0),
    (3078, '什么是数据库分片？', '请解释数据库分片。', '["架构","分库分表"]', '数据库分片是按照一定规则把数据拆分到不同节点或表中。', 1, NOW(), NOW(), NOW(), 0),
    (3079, '什么是高可用数据库架构？', '请解释高可用的含义。', '["架构"]', '高可用数据库架构强调服务持续可用，通常结合复制、故障切换和监控实现。', 1, NOW(), NOW(), NOW(), 0),
    (3080, '为什么数据库需要扩展架构？', '请说明原因。', '["架构"]', '随着数据量和访问量增长，单机数据库难以满足需求，因此需要扩展架构。', 1, NOW(), NOW(), NOW(), 0);

-- =========================
-- 3. 章节与题目关系（question_bank_question）
-- =========================
INSERT INTO shuati.question_bank_question (id, questionBankId, questionId, userId, createTime, updateTime) VALUES
(4001, 2001, 3001, 1, NOW(), NOW()),
(4002, 2001, 3002, 1, NOW(), NOW()),
(4003, 2001, 3003, 1, NOW(), NOW()),
(4004, 2001, 3004, 1, NOW(), NOW()),
(4005, 2001, 3005, 1, NOW(), NOW()),
(4006, 2001, 3006, 1, NOW(), NOW()),
(4007, 2001, 3007, 1, NOW(), NOW()),
(4008, 2001, 3008, 1, NOW(), NOW()),
(4009, 2001, 3009, 1, NOW(), NOW()),
(4010, 2001, 3010, 1, NOW(), NOW()),

(4011, 2002, 3011, 1, NOW(), NOW()),
(4012, 2002, 3012, 1, NOW(), NOW()),
(4013, 2002, 3013, 1, NOW(), NOW()),
(4014, 2002, 3014, 1, NOW(), NOW()),
(4015, 2002, 3015, 1, NOW(), NOW()),
(4016, 2002, 3016, 1, NOW(), NOW()),
(4017, 2002, 3017, 1, NOW(), NOW()),
(4018, 2002, 3018, 1, NOW(), NOW()),
(4019, 2002, 3019, 1, NOW(), NOW()),
(4020, 2002, 3020, 1, NOW(), NOW()),

(4021, 2003, 3021, 1, NOW(), NOW()),
(4022, 2003, 3022, 1, NOW(), NOW()),
(4023, 2003, 3023, 1, NOW(), NOW()),
(4024, 2003, 3024, 1, NOW(), NOW()),
(4025, 2003, 3025, 1, NOW(), NOW()),
(4026, 2003, 3026, 1, NOW(), NOW()),
(4027, 2003, 3027, 1, NOW(), NOW()),
(4028, 2003, 3028, 1, NOW(), NOW()),
(4029, 2003, 3029, 1, NOW(), NOW()),
(4030, 2003, 3030, 1, NOW(), NOW()),

(4031, 2004, 3031, 1, NOW(), NOW()),
(4032, 2004, 3032, 1, NOW(), NOW()),
(4033, 2004, 3033, 1, NOW(), NOW()),
(4034, 2004, 3034, 1, NOW(), NOW()),
(4035, 2004, 3035, 1, NOW(), NOW()),
(4036, 2004, 3036, 1, NOW(), NOW()),
(4037, 2004, 3037, 1, NOW(), NOW()),
(4038, 2004, 3038, 1, NOW(), NOW()),
(4039, 2004, 3039, 1, NOW(), NOW()),
(4040, 2004, 3040, 1, NOW(), NOW()),

(4041, 2005, 3041, 1, NOW(), NOW()),
(4042, 2005, 3042, 1, NOW(), NOW()),
(4043, 2005, 3043, 1, NOW(), NOW()),
(4044, 2005, 3044, 1, NOW(), NOW()),
(4045, 2005, 3045, 1, NOW(), NOW()),
(4046, 2005, 3046, 1, NOW(), NOW()),
(4047, 2005, 3047, 1, NOW(), NOW()),
(4048, 2005, 3048, 1, NOW(), NOW()),
(4049, 2005, 3049, 1, NOW(), NOW()),
(4050, 2005, 3050, 1, NOW(), NOW()),

(4051, 2006, 3051, 1, NOW(), NOW()),
(4052, 2006, 3052, 1, NOW(), NOW()),
(4053, 2006, 3053, 1, NOW(), NOW()),
(4054, 2006, 3054, 1, NOW(), NOW()),
(4055, 2006, 3055, 1, NOW(), NOW()),
(4056, 2006, 3056, 1, NOW(), NOW()),
(4057, 2006, 3057, 1, NOW(), NOW()),
(4058, 2006, 3058, 1, NOW(), NOW()),
(4059, 2006, 3059, 1, NOW(), NOW()),
(4060, 2006, 3060, 1, NOW(), NOW()),

(4061, 2007, 3061, 1, NOW(), NOW()),
(4062, 2007, 3062, 1, NOW(), NOW()),
(4063, 2007, 3063, 1, NOW(), NOW()),
(4064, 2007, 3064, 1, NOW(), NOW()),
(4065, 2007, 3065, 1, NOW(), NOW()),
(4066, 2007, 3066, 1, NOW(), NOW()),
(4067, 2007, 3067, 1, NOW(), NOW()),
(4068, 2007, 3068, 1, NOW(), NOW()),
(4069, 2007, 3069, 1, NOW(), NOW()),
(4070, 2007, 3070, 1, NOW(), NOW()),

(4071, 2008, 3071, 1, NOW(), NOW()),
(4072, 2008, 3072, 1, NOW(), NOW()),
(4073, 2008, 3073, 1, NOW(), NOW()),
(4074, 2008, 3074, 1, NOW(), NOW()),
(4075, 2008, 3075, 1, NOW(), NOW()),
(4076, 2008, 3076, 1, NOW(), NOW()),
(4077, 2008, 3077, 1, NOW(), NOW()),
(4078, 2008, 3078, 1, NOW(), NOW()),
(4079, 2008, 3079, 1, NOW(), NOW()),
(4080, 2008, 3080, 1, NOW(), NOW());
